{
    "rmse": 0.6258487842306684,
    "mae": 0.49550846782243985,
    "r2": 0.3290450931900035
}