{
    "rmse": 0.7065095056149319,
    "mae": 0.5500964763885935,
    "r2": 0.28358785920325025
}